{"cameraMode":{"drawMode":0,"name":"Shaded","section":"Shading Mode"},"sceneLighting":true,"audioPlay":false,"sceneViewState":{"m_AlwaysRefresh":false,"showFog":true,"showSkybox":true,"showFlares":true,"showImageEffects":true,"showParticleSystems":true,"showVisualEffectGraphs":true,"m_FxEnabled":true},"in2DMode":false,"pivot":{"x":1.1908555030822755,"y":-0.2681535482406616,"z":-0.19504599273204804},"rotation":{"x":0.04090948775410652,"y":-0.6653322577476502,"z":0.036564022302627566,"w":0.7444860339164734},"size":1.0792253017425538,"orthographic":false}